train_fraction,train_size,train_mse,val_mse
0.1,67,0.00035270723277953134,0.0006851262102524439
0.2,134,0.00022031783835211796,0.0004935241304337978
0.4,268,0.00021076578961393394,0.0002976476939188109
0.6,403,0.0001336523532756505,0.00023978172490994135
0.8,537,0.00010289470023463447,0.00018463166068411537
1.0,672,5.941459191186974e-05,0.0001359372011696299
