experiment,arch,dropout,lr,batch_size,epochs,weight_decay,time_sec,train_mse,val_mse,test_mse,train_mae,val_mae,test_mae,test_r2
Baseline,3-16-8-1,0.0,0.003,64,120,0.0,1.8766166000004887,2.9663286991306364e-05,2.8348961393282757e-05,7.933129970519023e-05,0.003497455438395762,0.0034165058094010234,0.004084985878044407,0.9981471680448342
Exp2_lr_0.01,3-16-8-1,0.0,0.01,64,120,0.0,2.005849799999851,6.2932350256368e-05,7.768481909425242e-05,0.0001378301497512175,0.005336675175471132,0.005419513188981764,0.006077372848511948,0.9967808909372041
Exp3_bigger_net,3-32-16-1,0.0,0.003,64,120,0.0,2.5033407000000807,0.00010006224731644179,0.00011169061685553899,0.00017760432823782626,0.006671039738797749,0.006909566107902045,0.007597791160882614,0.9958519402057233
Exp4_dropout_0.2,3-16-8-1,0.2,0.003,64,120,0.0,2.1418433999997433,0.00017473021675498218,0.00020546916773446126,0.00027602959910981916,0.010267205647893709,0.010823166884972908,0.010919306396191769,0.9935531566518778
Exp1_lr_0.001,3-16-8-1,0.0,0.001,64,120,0.0,1.9721334999994724,0.0002033742256102695,0.00018487591881124362,0.0002985993536640626,0.009389625257063803,0.009289791795605714,0.011084934999599878,0.9930260259655818
