train_fraction,train_size,train_mse,val_mse
0.1,66,0.00031247252429073507,0.0005756717857340692
0.2,132,0.00029041925727417976,0.00040629710739767047
0.4,265,0.00022593960451524494,0.0003386947365713791
0.6,398,3.693150368111966e-05,0.0001271233015077215
0.8,531,3.2035029811605727e-05,0.00010654614897261203
1.0,664,3.140803541516863e-05,9.855824771901251e-05
